athlete_id,athlete_display_name,team,pos,headshot,gp,min_pg,pts_pg,reb_pg,ast_pg,bpm,impact
3112335.0,Nikola Jokic,DEN,C,https://a.espncdn.com/i/headshots/nba/players/full/3112335.png,66,34.39,27.26,12.7,10.56,14.2,10.17
4278073.0,Shai Gilgeous-Alexander,OKC,G,https://a.espncdn.com/i/headshots/nba/players/full/4278073.png,68,33.26,31.13,4.29,6.59,11.7,8.11
5104157.0,Victor Wembanyama,SAS,F,https://a.espncdn.com/i/headshots/nba/players/full/5104157.png,67,28.55,24.64,11.19,2.99,10.7,6.36
3945274.0,Luka Doncic,LAL,G,https://a.espncdn.com/i/headshots/nba/players/full/3945274.png,65,35.35,33.0,7.62,8.18,9.3,6.85
6450.0,Kawhi Leonard,TOR,F,https://a.espncdn.com/i/headshots/nba/players/full/6450.png,68,31.19,27.21,6.21,3.49,8.0,5.2
4432166.0,Cade Cunningham,DET,G,https://a.espncdn.com/i/headshots/nba/players/full/4432166.png,67,32.84,23.07,5.4,9.57,6.3,4.31
6430.0,Jimmy Butler III,GSW,F,https://a.espncdn.com/i/headshots/nba/players/full/6430.png,38,31.18,20.0,5.55,4.87,5.5,3.57
3975.0,Stephen Curry,GSW,G,https://a.espncdn.com/i/headshots/nba/players/full/3975.png,43,30.95,26.56,3.58,4.72,5.4,3.48
4431678.0,Tyrese Maxey,PHI,G,https://a.espncdn.com/i/headshots/nba/players/full/4431678.png,73,36.81,27.33,4.04,6.36,5.4,4.14
3908809.0,Donovan Mitchell,CLE,G,https://a.espncdn.com/i/headshots/nba/players/full/3908809.png,73,32.3,26.9,4.34,5.49,5.1,3.43
4433621.0,Jalen Duren,DET,C,https://a.espncdn.com/i/headshots/nba/players/full/4433621.png,73,27.37,18.9,10.25,1.93,5.0,2.85
3059318.0,Joel Embiid,PHI,C,https://a.espncdn.com/i/headshots/nba/players/full/3059318.png,38,31.5,26.87,7.71,3.95,4.9,3.22
4432816.0,LaMelo Ball,MIN,G,https://a.espncdn.com/i/headshots/nba/players/full/4432816.png,72,27.99,20.07,4.82,7.14,4.7,2.74
3202.0,Kevin Durant,HOU,F,https://a.espncdn.com/i/headshots/nba/players/full/3202.png,81,35.42,25.16,5.3,4.62,4.5,3.32
4594268.0,Anthony Edwards,MIN,G,https://a.espncdn.com/i/headshots/nba/players/full/4594268.png,64,33.75,27.95,4.86,3.58,4.5,3.16
4683021.0,Deni Avdija,POR,F,https://a.espncdn.com/i/headshots/nba/players/full/4683021.png,68,32.6,23.57,6.69,6.56,4.3,2.92
4701230.0,Jalen Johnson,ATL,F,https://a.espncdn.com/i/headshots/nba/players/full/4701230.png,75,34.05,21.8,9.92,7.57,4.2,2.98
4433134.0,Scottie Barnes,TOR,F,https://a.espncdn.com/i/headshots/nba/players/full/4433134.png,83,32.55,17.58,7.35,5.76,4.2,2.85
4871144.0,Alperen Sengun,HOU,C,https://a.espncdn.com/i/headshots/nba/players/full/4871144.png,74,32.57,19.82,8.72,6.07,4.2,2.85
4433255.0,Chet Holmgren,OKC,C,https://a.espncdn.com/i/headshots/nba/players/full/4433255.png,72,28.0,16.54,8.58,1.61,4.2,2.45
3936299.0,Jamal Murray,DEN,G,https://a.espncdn.com/i/headshots/nba/players/full/3936299.png,77,34.73,24.84,4.34,7.05,4.1,2.97
2991350.0,Alex Caruso,OKC,G,https://a.espncdn.com/i/headshots/nba/players/full/2991350.png,56,18.25,6.21,2.77,1.96,4.09,1.56
3032977.0,Giannis Antetokounmpo,MIA,F,https://a.espncdn.com/i/headshots/nba/players/full/3032977.png,36,28.86,27.58,9.78,5.44,4.03,2.42
3992.0,James Harden,LAC,G,https://a.espncdn.com/i/headshots/nba/players/full/3992.png,70,34.9,23.6,4.8,7.96,3.9,2.84
1966.0,LeBron James,PHI,F,https://a.espncdn.com/i/headshots/nba/players/full/1966.png,63,31.89,20.17,5.89,6.94,3.5,2.33
4278562.0,Paul Reed,DET,F,https://a.espncdn.com/i/headshots/nba/players/full/4278562.png,65,13.83,7.75,4.52,1.23,3.5,1.01
4351852.0,Mitchell Robinson,BOS,C,https://a.espncdn.com/i/headshots/nba/players/full/4351852.png,61,19.57,5.64,8.85,0.89,3.5,1.43
3136195.0,Karl-Anthony Towns,NYK,C,https://a.espncdn.com/i/headshots/nba/players/full/3136195.png,78,30.37,19.69,11.58,2.91,3.3,2.09
3917376.0,Jaylen Brown,PHI,G,https://a.espncdn.com/i/headshots/nba/players/full/3917376.png,74,33.41,27.74,6.72,4.95,3.3,2.3
3078576.0,Derrick White,BOS,G,https://a.espncdn.com/i/headshots/nba/players/full/3078576.png,77,34.06,16.45,4.4,5.38,3.2,2.27
4684742.0,Ausar Thompson,DET,G,https://a.espncdn.com/i/headshots/nba/players/full/4684742.png,73,26.03,9.88,5.73,3.12,3.1,1.68
3934672.0,Jalen Brunson,NYK,G,https://a.espncdn.com/i/headshots/nba/players/full/3934672.png,78,34.15,25.19,3.26,6.6,3.1,2.21
3062679.0,Josh Hart,NYK,G,https://a.espncdn.com/i/headshots/nba/players/full/3062679.png,67,30.22,11.99,7.37,4.78,3.0,1.89
4432158.0,Evan Mobley,CLE,C,https://a.espncdn.com/i/headshots/nba/players/full/4432158.png,65,31.98,18.15,9.02,3.6,3.0,2.0
5105565.0,Donovan Clingan,POR,C,https://a.espncdn.com/i/headshots/nba/players/full/5105565.png,77,27.18,12.13,11.58,2.1,3.0,1.7
4278104.0,Michael Porter Jr.,BKN,F,https://a.espncdn.com/i/headshots/nba/players/full/4278104.png,52,32.5,24.21,7.06,3.04,3.0,2.03
4395628.0,Zion Williamson,NOP,F,https://a.espncdn.com/i/headshots/nba/players/full/4395628.png,62,29.68,21.0,5.69,3.21,2.9,1.79
4397424.0,Neemias Queta,BOS,C,https://a.espncdn.com/i/headshots/nba/players/full/4397424.png,76,25.36,10.21,8.37,1.66,2.8,1.48
4066457.0,Austin Reaves,LAL,G,https://a.espncdn.com/i/headshots/nba/players/full/4066457.png,51,34.57,23.27,4.71,5.49,2.8,2.02
5061575.0,Kon Knueppel,CHA,G,https://a.espncdn.com/i/headshots/nba/players/full/5061575.png,81,31.47,18.49,5.33,3.38,2.8,1.84
4600663.0,Zach Edey,MEM,C,https://a.espncdn.com/i/headshots/nba/players/full/4600663.png,11,25.82,13.64,11.09,1.09,2.76,1.48
4432823.0,Jaylin Williams,OKC,F,https://a.espncdn.com/i/headshots/nba/players/full/4432823.png,65,19.68,7.22,5.51,2.43,2.7,1.11
3147657.0,Mikal Bridges,NYK,G,https://a.espncdn.com/i/headshots/nba/players/full/3147657.png,82,33.27,14.54,3.87,3.77,2.7,1.87
4711272.0,Reed Sheppard,HOU,G,https://a.espncdn.com/i/headshots/nba/players/full/4711272.png,82,26.22,13.54,2.9,3.38,2.7,1.47
4684740.0,Amen Thompson,HOU,G,https://a.espncdn.com/i/headshots/nba/players/full/4684740.png,79,37.39,18.27,7.77,5.32,2.6,2.03
4066336.0,Lauri Markkanen,UTA,F,https://a.espncdn.com/i/headshots/nba/players/full/4066336.png,42,34.38,26.74,6.88,2.12,2.6,1.86
4066328.0,Jarrett Allen,CLE,C,https://a.espncdn.com/i/headshots/nba/players/full/4066328.png,56,27.2,15.36,8.5,1.79,2.6,1.47
4278585.0,Collin Gillespie,PHX,G,https://a.espncdn.com/i/headshots/nba/players/full/4278585.png,80,28.48,12.65,4.09,4.64,2.5,1.48
4395702.0,Isaiah Joe,DET,G,https://a.espncdn.com/i/headshots/nba/players/full/4395702.png,71,21.21,11.06,2.55,1.32,2.5,1.1
4397688.0,Trey Murphy III,NOP,F,https://a.espncdn.com/i/headshots/nba/players/full/4397688.png,66,35.47,21.52,5.71,3.79,2.4,1.77
4395724.0,Immanuel Quickley,TOR,G,https://a.espncdn.com/i/headshots/nba/players/full/4395724.png,70,31.96,16.43,4.03,5.93,2.4,1.6
3102529.0,Clint Capela,HOU,C,https://a.espncdn.com/i/headshots/nba/players/full/3102529.png,75,12.33,3.76,4.6,0.67,2.31,0.59
4066354.0,Payton Pritchard,BOS,G,https://a.espncdn.com/i/headshots/nba/players/full/4066354.png,79,32.42,17.03,3.95,5.16,2.3,1.55
4713010.0,David Jones Garcia,SAS,F,https://a.espncdn.com/i/headshots/nba/players/full/4713010.png,11,6.36,2.91,1.18,1.64,2.29,0.3
4431786.0,Keshad Johnson,MIA,F,https://a.espncdn.com/i/headshots/nba/players/full/4431786.png,32,8.72,4.25,1.94,0.25,2.27,0.41
3136193.0,Devin Booker,PHX,G,https://a.espncdn.com/i/headshots/nba/players/full/3136193.png,67,32.48,25.07,3.84,5.88,2.2,1.49
4066259.0,De'Aaron Fox,SAS,G,https://a.espncdn.com/i/headshots/nba/players/full/4066259.png,76,29.97,17.88,3.59,6.01,2.2,1.37
4277951.0,Luka Garza,BOS,C,https://a.espncdn.com/i/headshots/nba/players/full/4277951.png,69,16.13,8.07,4.07,0.96,2.14,0.72
4066211.0,Robert Williams III,POR,C,https://a.espncdn.com/i/headshots/nba/players/full/4066211.png,59,17.1,6.73,7.03,1.02,2.13,0.76
4701232.0,Mark Williams,PHX,C,https://a.espncdn.com/i/headshots/nba/players/full/4701232.png,60,23.58,11.67,7.95,0.97,2.0,0.98
4065648.0,Jayson Tatum,BOS,F,https://a.espncdn.com/i/headshots/nba/players/full/4065648.png,16,32.62,21.75,10.0,5.31,2.0,1.36
3934719.0,OG Anunoby,NYK,F,https://a.espncdn.com/i/headshots/nba/players/full/3934719.png,68,33.32,16.85,5.29,2.18,2.0,1.39
4066261.0,Bam Adebayo,MIA,C,https://a.espncdn.com/i/headshots/nba/players/full/4066261.png,73,32.37,20.11,10.03,3.18,2.0,1.35
2596112.0,Javonte Green,DET,G,https://a.espncdn.com/i/headshots/nba/players/full/2596112.png,82,17.62,6.94,2.8,0.68,1.93,0.71
4845367.0,Stephon Castle,SAS,G,https://a.espncdn.com/i/headshots/nba/players/full/4845367.png,69,30.03,16.64,5.35,7.45,1.9,1.19
3995.0,Jrue Holiday,POR,G,https://a.espncdn.com/i/headshots/nba/players/full/3995.png,53,29.4,16.32,4.62,6.08,1.9,1.16
4900671.0,Ajay Mitchell,OKC,G,https://a.espncdn.com/i/headshots/nba/players/full/4900671.png,57,25.81,13.58,3.33,3.61,1.9,1.02
5177362.0,Riley Minix,SAS,F,https://a.espncdn.com/i/headshots/nba/players/full/5177362.png,9,6.56,3.89,0.67,0.56,1.88,0.26
5175647.0,Hugo Gonzalez,BOS,G,https://a.espncdn.com/i/headshots/nba/players/full/5175647.png,73,14.84,3.96,3.37,0.55,1.76,0.54
4432107.0,Marcus Sasser,DAL,G,https://a.espncdn.com/i/headshots/nba/players/full/4432107.png,38,12.05,5.18,1.03,1.97,1.68,0.42
4431772.0,Myron Gardner,MIA,F,https://a.espncdn.com/i/headshots/nba/players/full/4431772.png,44,9.36,3.7,2.75,1.0,1.65,0.32
5279133.0,Joan Beringer,MIN,F,https://a.espncdn.com/i/headshots/nba/players/full/5279133.png,40,7.88,3.9,2.3,0.3,1.63,0.27
4396963.0,Blake Hinson,UTA,F,https://a.espncdn.com/i/headshots/nba/players/full/4396963.png,14,20.43,11.93,2.36,1.14,1.61,0.69
2595516.0,Norman Powell,CHI,G,https://a.espncdn.com/i/headshots/nba/players/full/2595516.png,60,28.88,21.1,3.4,2.42,1.6,0.96
4433287.0,Brandon Miller,CHA,F,https://a.espncdn.com/i/headshots/nba/players/full/4433287.png,65,30.29,20.17,4.91,3.34,1.6,1.01
6440.0,Tobias Harris,SAS,F,https://a.espncdn.com/i/headshots/nba/players/full/6440.png,63,27.76,13.27,5.13,2.49,1.59,0.92
4431734.0,Tristan Enaruna,CLE,F,https://a.espncdn.com/i/headshots/nba/players/full/4431734.png,9,9.56,4.11,1.56,0.78,1.56,0.31
3907498.0,Matisse Thybulle,LAL,G,https://a.espncdn.com/i/headshots/nba/players/full/3907498.png,30,16.03,5.8,1.97,0.9,1.52,0.51
3064514.0,Julius Randle,BKN,F,https://a.espncdn.com/i/headshots/nba/players/full/3064514.png,79,33.06,21.1,6.73,5.04,1.5,1.03
4433225.0,Tyler Kolek,NYK,G,https://a.espncdn.com/i/headshots/nba/players/full/4433225.png,61,12.28,4.72,1.69,2.87,1.46,0.37
5041939.0,Cooper Flagg,DAL,F,https://a.espncdn.com/i/headshots/nba/players/full/5041939.png,70,33.56,21.04,6.66,4.51,1.4,0.98
4066320.0,Desmond Bane,ORL,G,https://a.espncdn.com/i/headshots/nba/players/full/4066320.png,82,33.62,20.09,4.12,4.12,1.4,0.98
4432573.0,Paolo Banchero,ORL,F,https://a.espncdn.com/i/headshots/nba/players/full/4432573.png,72,34.71,22.21,8.39,5.18,1.4,1.01
4066650.0,Zach Collins,CHI,F,https://a.espncdn.com/i/headshots/nba/players/full/4066650.png,10,18.4,9.7,5.6,1.5,1.31,0.5
4869342.0,Dyson Daniels,ATL,G,https://a.espncdn.com/i/headshots/nba/players/full/4869342.png,76,33.2,11.86,6.84,5.91,1.3,0.9
4395626.0,Tre Jones,CHI,G,https://a.espncdn.com/i/headshots/nba/players/full/4395626.png,65,26.97,14.06,3.14,5.38,1.3,0.73
4683692.0,Cason Wallace,OKC,G,https://a.espncdn.com/i/headshots/nba/players/full/4683692.png,77,26.6,8.57,3.09,2.6,1.2,0.66
3059319.0,Andrew Wiggins,MIA,F,https://a.espncdn.com/i/headshots/nba/players/full/3059319.png,68,30.35,15.37,4.84,2.68,1.2,0.76
4278039.0,Nickeil Alexander-Walker,ATL,G,https://a.espncdn.com/i/headshots/nba/players/full/4278039.png,78,33.37,20.82,3.44,3.67,1.2,0.83
4433249.0,Moussa Diabate,CHA,F,https://a.espncdn.com/i/headshots/nba/players/full/4433249.png,73,26.03,7.88,8.7,1.93,1.2,0.65
4566434.0,Franz Wagner,ORL,F,https://a.espncdn.com/i/headshots/nba/players/full/4566434.png,34,29.97,20.56,5.21,3.32,1.19,0.74
3934723.0,Thomas Bryant,CLE,C,https://a.espncdn.com/i/headshots/nba/players/full/3934723.png,60,12.23,6.17,3.42,0.55,1.16,0.3
3899664.0,Simone Fontecchio,MIA,F,https://a.espncdn.com/i/headshots/nba/players/full/3899664.png,70,16.81,8.53,3.01,1.44,1.15,0.4
4066383.0,Miles Bridges,PHX,F,https://a.espncdn.com/i/headshots/nba/players/full/4066383.png,77,30.99,17.06,5.84,3.19,1.1,0.71
4432165.0,Jalen Suggs,ORL,G,https://a.espncdn.com/i/headshots/nba/players/full/4432165.png,57,27.54,13.79,3.86,5.47,1.03,0.59
6477.0,Jonas Valanciunas,DEN,C,https://a.espncdn.com/i/headshots/nba/players/full/6477.png,65,13.4,8.72,5.06,1.2,1.01,0.28
3032976.0,Rudy Gobert,MIN,C,https://a.espncdn.com/i/headshots/nba/players/full/3032976.png,76,31.29,10.91,11.47,1.68,1.0,0.65
4397002.0,Ayo Dosunmu,CHI,G,https://a.espncdn.com/i/headshots/nba/players/full/4397002.png,69,27.29,14.81,3.43,3.61,1.0,0.57
4701233.0,Craig Porter Jr.,CLE,G,https://a.espncdn.com/i/headshots/nba/players/full/4701233.png,64,17.92,4.52,3.44,3.2,0.97,0.36
4065733.0,Ty Jerome,MEM,G,https://a.espncdn.com/i/headshots/nba/players/full/4065733.png,15,22.73,19.67,2.8,5.67,0.96,0.45
4066218.0,Grant Williams,CHA,F,https://a.espncdn.com/i/headshots/nba/players/full/4066218.png,36,19.81,7.0,3.94,1.56,0.91,0.38
4395723.0,Keldon Johnson,SAS,F,https://a.espncdn.com/i/headshots/nba/players/full/4395723.png,83,23.2,13.06,5.35,1.34,0.9,0.44
4396971.0,Naz Reid,CHA,C,https://a.espncdn.com/i/headshots/nba/players/full/4396971.png,77,26.09,13.58,6.19,2.21,0.9,0.49
5107156.0,Lachlan Olbrich,CHI,C,https://a.espncdn.com/i/headshots/nba/players/full/5107156.png,14,14.0,4.36,4.71,1.86,0.9,0.26
4278067.0,Nic Claxton,CHI,C,https://a.espncdn.com/i/headshots/nba/players/full/4278067.png,69,27.83,11.74,6.93,3.67,0.9,0.52
5108024.0,Yanic Konan Niederhauser,LAC,C,https://a.espncdn.com/i/headshots/nba/players/full/5108024.png,40,10.62,4.4,2.92,0.3,0.9,0.2
4066757.0,Sam Merrill,CLE,G,https://a.espncdn.com/i/headshots/nba/players/full/4066757.png,52,26.48,12.75,2.56,2.4,0.9,0.5
5106258.0,Gradey Dick,LAC,G,https://a.espncdn.com/i/headshots/nba/players/full/5106258.png,76,14.04,5.99,1.93,0.67,0.86,0.25
4278355.0,Obi Toppin,IND,F,https://a.espncdn.com/i/headshots/nba/players/full/4278355.png,24,17.71,11.62,4.42,2.29,0.82,0.3
3934673.0,Donte DiVincenzo,MIN,G,https://a.espncdn.com/i/headshots/nba/players/full/3934673.png,82,30.46,12.2,4.1,3.82,0.8,0.51
4431893.0,Jamison Battle,TOR,F,https://a.espncdn.com/i/headshots/nba/players/full/4431893.png,60,8.65,3.2,1.48,0.4,0.8,0.14
3157465.0,Duncan Robinson,DET,F,https://a.espncdn.com/i/headshots/nba/players/full/3157465.png,77,27.44,12.19,2.66,2.06,0.8,0.46
4278580.0,Sandro Mamukelashvili,LAL,F,https://a.espncdn.com/i/headshots/nba/players/full/4278580.png,80,21.9,11.16,4.94,1.89,0.74,0.34
3102531.0,Kristaps Porzingis,ATL,C,https://a.espncdn.com/i/headshots/nba/players/full/3102531.png,32,24.06,16.66,5.22,2.53,0.73,0.37
4278572.0,Jamal Cain,ORL,F,https://a.espncdn.com/i/headshots/nba/players/full/4278572.png,37,13.05,5.81,2.11,0.78,0.72,0.2
4278049.0,Daniel Gafford,DAL,F,https://a.espncdn.com/i/headshots/nba/players/full/4278049.png,55,21.67,9.53,6.87,1.05,0.7,0.32
3149673.0,Pascal Siakam,IND,F,https://a.espncdn.com/i/headshots/nba/players/full/3149673.png,64,32.44,23.36,6.48,3.72,0.7,0.47
4431680.0,Onyeka Okongwu,ATL,F,https://a.espncdn.com/i/headshots/nba/players/full/4431680.png,74,31.08,15.18,7.59,3.12,0.7,0.45
4395625.0,RJ Barrett,TOR,F,https://a.espncdn.com/i/headshots/nba/players/full/4395625.png,57,30.25,19.26,5.26,3.32,0.67,0.42
5203685.0,Khaman Maluach,PHX,C,https://a.espncdn.com/i/headshots/nba/players/full/5203685.png,46,8.91,3.02,2.89,0.13,0.64,0.12
3133626.0,Kenrich Williams,OKC,G,https://a.espncdn.com/i/headshots/nba/players/full/3133626.png,56,15.25,6.48,3.34,1.41,0.61,0.19
4065804.0,Sam Hauser,BOS,F,https://a.espncdn.com/i/headshots/nba/players/full/4065804.png,78,24.78,9.22,3.85,1.46,0.6,0.31
5105977.0,Rasheer Fleming,PHX,F,https://a.espncdn.com/i/headshots/nba/players/full/5105977.png,55,12.31,4.33,2.25,0.29,0.59,0.15
2326307.0,Seth Curry,GSW,G,https://a.espncdn.com/i/headshots/nba/players/full/2326307.png,10,13.2,7.1,1.2,1.0,0.59,0.16
4433623.0,Caleb Houstan,ATL,G,https://a.espncdn.com/i/headshots/nba/players/full/4433623.png,18,4.17,2.33,0.61,0.22,0.58,0.05
4593016.0,Quinten Post,MEM,C,https://a.espncdn.com/i/headshots/nba/players/full/4593016.png,67,17.33,7.66,4.01,1.4,0.54,0.19
4592479.0,Julian Champagnie,SAS,F,https://a.espncdn.com/i/headshots/nba/players/full/4592479.png,83,27.61,11.01,5.72,1.54,0.54,0.31
3913176.0,Brandon Ingram,LAC,F,https://a.espncdn.com/i/headshots/nba/players/full/3913176.png,79,33.05,20.95,5.48,3.61,0.5,0.34
4397136.0,Saddiq Bey,NOP,G,https://a.espncdn.com/i/headshots/nba/players/full/4397136.png,72,31.19,17.65,5.56,2.53,0.5,0.32
4395630.0,Devin Vassell,SAS,G,https://a.espncdn.com/i/headshots/nba/players/full/4395630.png,68,30.56,13.88,4.03,2.5,0.5,0.32
4395651.0,Coby White,CHI,G,https://a.espncdn.com/i/headshots/nba/players/full/4395651.png,50,24.98,17.36,3.4,4.0,0.49,0.26
4397882.0,Tolu Smith,DET,F,https://a.espncdn.com/i/headshots/nba/players/full/4397882.png,15,9.13,3.73,3.27,0.87,0.46,0.09
4592492.0,Bones Hyland,MIN,G,https://a.espncdn.com/i/headshots/nba/players/full/4592492.png,70,16.84,8.63,1.81,2.69,0.43,0.15
4601023.0,Oso Ighodaro,PHX,F,https://a.espncdn.com/i/headshots/nba/players/full/4601023.png,82,22.07,6.48,5.1,2.26,0.42,0.19
4592686.0,Antonio Reeves,CHA,G,https://a.espncdn.com/i/headshots/nba/players/full/4592686.png,10,6.9,2.7,0.8,0.3,0.42,0.06
5106268.0,Nae'Qwan Tomlin,CLE,F,https://a.espncdn.com/i/headshots/nba/players/full/5106268.png,64,15.73,5.84,2.91,0.83,0.42,0.14
5107199.0,Daniss Jenkins,DET,G,https://a.espncdn.com/i/headshots/nba/players/full/5107199.png,72,20.18,9.32,2.31,3.86,0.39,0.16
4397886.0,Charles Bassey,MEM,C,https://a.espncdn.com/i/headshots/nba/players/full/4397886.png,13,11.77,5.85,4.38,0.54,0.37,0.09
4437244.0,Jalen Green,PHX,G,https://a.espncdn.com/i/headshots/nba/players/full/4437244.png,32,25.91,17.75,3.62,2.84,0.35,0.19
4396907.0,Darius Garland,CLE,G,https://a.espncdn.com/i/headshots/nba/players/full/4396907.png,45,29.82,18.78,2.38,6.69,0.29,0.18
4280245.0,Jamaree Bouyea,PHX,G,https://a.espncdn.com/i/headshots/nba/players/full/4280245.png,46,14.02,5.72,1.78,1.78,0.28,0.08
4700818.0,Vladislav Goldin,MIA,C,https://a.espncdn.com/i/headshots/nba/players/full/4700818.png,9,2.56,0.78,1.0,0.33,0.27,0.01
4278402.0,Jordan Goodwin,PHX,G,https://a.espncdn.com/i/headshots/nba/players/full/4278402.png,70,22.51,8.7,4.87,2.16,0.27,0.13
4397189.0,Jalen Smith,CHI,F,https://a.espncdn.com/i/headshots/nba/players/full/4397189.png,53,20.64,10.21,6.7,1.23,0.25,0.11
3064290.0,Aaron Gordon,DEN,F,https://a.espncdn.com/i/headshots/nba/players/full/3064290.png,36,27.86,16.17,5.81,2.67,0.25,0.15
5289900.0,Mohamed Diawara,NYK,F,https://a.espncdn.com/i/headshots/nba/players/full/5289900.png,68,9.34,3.62,1.38,0.78,0.23,0.04
5105623.0,Kel'el Ware,MIL,C,https://a.espncdn.com/i/headshots/nba/players/full/5105623.png,77,22.18,11.05,9.01,0.73,0.22,0.1
4592435.0,Branden Carlson,OKC,C,https://a.espncdn.com/i/headshots/nba/players/full/4592435.png,42,11.69,5.76,2.95,0.69,0.21,0.05
2991235.0,Steven Adams,HOU,C,https://a.espncdn.com/i/headshots/nba/players/full/2991235.png,32,22.81,5.84,8.62,1.5,0.2,0.1
4601025.0,Pelle Larsson,MIA,G,https://a.espncdn.com/i/headshots/nba/players/full/4601025.png,70,26.46,11.43,3.49,3.37,0.19,0.1
4898369.0,Curtis Jones,DEN,G,https://a.espncdn.com/i/headshots/nba/players/full/4898369.png,10,8.7,2.9,1.1,1.0,0.16,0.03
4395725.0,Tyler Herro,MIL,G,https://a.espncdn.com/i/headshots/nba/players/full/4395725.png,33,31.18,20.52,4.79,4.12,0.16,0.1
4432247.0,Jaylen Clark,MIN,G,https://a.espncdn.com/i/headshots/nba/players/full/4432247.png,68,13.07,4.04,1.76,0.63,0.15,0.04
3135045.0,Grayson Allen,CHA,G,https://a.espncdn.com/i/headshots/nba/players/full/3135045.png,51,28.8,16.49,3.04,3.82,0.14,0.08
4397251.0,Ron Harper Jr.,BOS,G,https://a.espncdn.com/i/headshots/nba/players/full/4397251.png,28,11.29,4.39,1.71,0.79,0.13,0.03
5214640.0,Kasparas Jakucionis,MIA,G,https://a.espncdn.com/i/headshots/nba/players/full/5214640.png,53,17.91,6.19,2.6,2.58,0.12,0.04
4432181.0,Julian Strawther,DEN,G,https://a.espncdn.com/i/headshots/nba/players/full/4432181.png,57,15.11,7.25,2.0,1.07,0.12,0.04
4348700.0,Goga Bitadze,ORL,C,https://a.espncdn.com/i/headshots/nba/players/full/4348700.png,64,15.16,5.86,5.0,1.31,0.11,0.03
4432848.0,Jaime Jaquez Jr.,MIL,F,https://a.espncdn.com/i/headshots/nba/players/full/4432848.png,75,28.31,15.36,5.0,4.69,0.1,0.06
3442.0,DeAndre Jordan,NOP,C,https://a.espncdn.com/i/headshots/nba/players/full/3442.png,12,16.5,4.42,6.33,0.92,0.1,0.03
4701208.0,Moussa Cisse,DAL,C,https://a.espncdn.com/i/headshots/nba/players/full/4701208.png,37,14.32,4.59,5.84,0.24,0.08,0.02
3146557.0,Jock Landale,MEM,C,https://a.espncdn.com/i/headshots/nba/players/full/3146557.png,68,22.19,10.56,5.69,1.69,0.06,0.03
5037871.0,Dylan Harper,SAS,G,https://a.espncdn.com/i/headshots/nba/players/full/5037871.png,70,22.67,11.91,3.44,3.8,0.01,0.0
3102533.0,Thanasis Antetokounmpo,MIL,F,https://a.espncdn.com/i/headshots/nba/players/full/3102533.png,33,4.45,1.42,0.91,0.45,-0.0,-0.0
4871141.0,Ariel Hukporti,NYK,C,https://a.espncdn.com/i/headshots/nba/players/full/4871141.png,54,9.33,2.17,2.94,0.54,-0.01,-0.0
4432811.0,Josh Green,MIN,G,https://a.espncdn.com/i/headshots/nba/players/full/4432811.png,58,15.66,4.29,1.76,0.81,-0.06,-0.02
2530530.0,T.J. McConnell,IND,G,https://a.espncdn.com/i/headshots/nba/players/full/2530530.png,56,17.18,9.38,2.21,5.12,-0.07,-0.03
4593841.0,Baylor Scheierman,BOS,G,https://a.espncdn.com/i/headshots/nba/players/full/4593841.png,77,18.62,5.55,3.49,1.51,-0.09,-0.03
3978.0,DeMar DeRozan,SAC,G,https://a.espncdn.com/i/headshots/nba/players/full/3978.png,77,31.31,18.43,2.94,4.1,-0.1,-0.07
6578.0,Harrison Barnes,SAS,F,https://a.espncdn.com/i/headshots/nba/players/full/6578.png,78,25.79,9.95,2.77,1.92,-0.1,-0.05
4432194.0,Day'Ron Sharpe,BKN,C,https://a.espncdn.com/i/headshots/nba/players/full/4432194.png,62,18.69,8.71,6.66,2.34,-0.11,-0.04
4591259.0,Koby Brea,PHX,G,https://a.espncdn.com/i/headshots/nba/players/full/4591259.png,12,7.08,3.75,0.67,0.83,-0.13,-0.02
4576085.0,JD Davison,HOU,G,https://a.espncdn.com/i/headshots/nba/players/full/4576085.png,28,7.82,2.46,1.21,1.25,-0.14,-0.02
4433149.0,LJ Cryer,GSW,G,https://a.espncdn.com/i/headshots/nba/players/full/4433149.png,18,16.17,8.22,1.56,1.0,-0.17,-0.06
4432827.0,Oscar Tshiebwe,UTA,C,https://a.espncdn.com/i/headshots/nba/players/full/4432827.png,27,16.56,7.81,6.63,1.19,-0.18,-0.06
4432170.0,Isaiah Jackson,IND,F,https://a.espncdn.com/i/headshots/nba/players/full/4432170.png,55,16.51,6.73,5.27,0.95,-0.18,-0.06
4351851.0,Anfernee Simons,PHI,G,https://a.espncdn.com/i/headshots/nba/players/full/4351851.png,55,24.93,14.27,2.45,2.44,-0.19,-0.1
4903027.0,Cedric Coward,MEM,F,https://a.espncdn.com/i/headshots/nba/players/full/4903027.png,62,25.84,13.6,5.87,2.76,-0.19,-0.1
5023693.0,Tyrese Proctor,CLE,G,https://a.espncdn.com/i/headshots/nba/players/full/5023693.png,50,10.98,5.44,1.28,1.48,-0.23,-0.05
4067017.0,A.J. Lawson,TOR,G,https://a.espncdn.com/i/headshots/nba/players/full/4067017.png,23,9.83,4.39,1.87,0.3,-0.28,-0.06
3986.0,Taj Gibson,MEM,F,https://a.espncdn.com/i/headshots/nba/players/full/3986.png,10,9.7,3.4,2.7,0.6,-0.29,-0.06
4431671.0,Jaden McDaniels,MIN,F,https://a.espncdn.com/i/headshots/nba/players/full/4431671.png,73,31.74,14.85,4.25,2.73,-0.3,-0.2
4017837.0,Ivica Zubac,LAC,C,https://a.espncdn.com/i/headshots/nba/players/full/4017837.png,48,30.21,14.1,10.6,2.19,-0.3,-0.19
5105550.0,GG Jackson,MEM,F,https://a.espncdn.com/i/headshots/nba/players/full/5105550.png,54,21.81,12.7,4.35,1.5,-0.3,-0.14
4683747.0,Jaylon Tyson,CLE,G,https://a.espncdn.com/i/headshots/nba/players/full/4683747.png,66,26.95,13.21,5.12,2.23,-0.3,-0.17
4432241.0,Jamal Shead,TOR,G,https://a.espncdn.com/i/headshots/nba/players/full/4432241.png,82,22.52,6.65,1.74,5.41,-0.3,-0.14
2490149.0,CJ McCollum,WAS,G,https://a.espncdn.com/i/headshots/nba/players/full/2490149.png,76,29.75,18.74,3.32,3.86,-0.3,-0.19
4432446.0,Jabari Walker,PHI,F,https://a.espncdn.com/i/headshots/nba/players/full/4432446.png,64,11.84,4.31,3.0,0.53,-0.32,-0.08
4397227.0,Vince Williams Jr.,MEM,G,https://a.espncdn.com/i/headshots/nba/players/full/4397227.png,40,20.52,7.5,3.88,4.15,-0.32,-0.14
4432817.0,Johnny Juzang,MIN,G,https://a.espncdn.com/i/headshots/nba/players/full/4432817.png,20,4.35,2.15,0.85,0.3,-0.32,-0.03
5211176.0,Tidjane Salaun,CHA,F,https://a.espncdn.com/i/headshots/nba/players/full/5211176.png,37,15.57,6.0,4.03,0.73,-0.33,-0.11
2960236.0,Maxi Kleber,LAL,F,https://a.espncdn.com/i/headshots/nba/players/full/2960236.png,41,11.22,2.1,2.05,0.66,-0.35,-0.08
3134908.0,Jakob Poeltl,TOR,C,https://a.espncdn.com/i/headshots/nba/players/full/3134908.png,46,25.0,10.72,7.02,2.02,-0.36,-0.19
3134903.0,Gary Payton II,GSW,G,https://a.espncdn.com/i/headshots/nba/players/full/3134903.png,73,15.64,7.49,3.63,1.68,-0.36,-0.12
4251.0,Paul George,BOS,F,https://a.espncdn.com/i/headshots/nba/players/full/4251.png,37,30.59,17.32,5.3,3.59,-0.38,-0.24
5159895.0,Yuki Kawamura,CHI,G,https://a.espncdn.com/i/headshots/nba/players/full/5159895.png,18,11.72,3.44,1.83,2.61,-0.39,-0.1
5061589.0,Yves Missi,NOP,C,https://a.espncdn.com/i/headshots/nba/players/full/5061589.png,66,19.62,5.71,5.83,1.27,-0.41,-0.17
4701225.0,PJ Hall,MEM,C,https://a.espncdn.com/i/headshots/nba/players/full/4701225.png,17,12.59,5.06,4.41,0.59,-0.42,-0.11
4433607.0,DaRon Holmes II,DEN,F,https://a.espncdn.com/i/headshots/nba/players/full/4433607.png,25,8.36,3.72,1.4,0.64,-0.44,-0.08
5239590.0,Liam McNeeley,CHA,G,https://a.espncdn.com/i/headshots/nba/players/full/5239590.png,31,11.81,4.26,2.35,0.77,-0.45,-0.11
4592829.0,Quenton Jackson,IND,G,https://a.espncdn.com/i/headshots/nba/players/full/4592829.png,49,18.33,9.14,2.33,2.86,-0.45,-0.17
3913180.0,Garrison Mathews,IND,G,https://a.espncdn.com/i/headshots/nba/players/full/3913180.png,14,14.0,5.57,1.21,0.71,-0.47,-0.14
4222252.0,Isaiah Hartenstein,OKC,C,https://a.espncdn.com/i/headshots/nba/players/full/4222252.png,47,24.3,9.19,9.43,3.53,-0.48,-0.24
2968436.0,Joe Ingles,MIN,F,https://a.espncdn.com/i/headshots/nba/players/full/2968436.png,22,6.91,1.86,0.86,1.55,-0.5,-0.07
4279888.0,Ja Morant,POR,G,https://a.espncdn.com/i/headshots/nba/players/full/4279888.png,20,28.4,19.45,3.25,8.05,-0.51,-0.3
4397114.0,Cormac Ryan,MIL,G,https://a.espncdn.com/i/headshots/nba/players/full/4397114.png,11,24.55,14.27,2.55,1.73,-0.52,-0.27
4706557.0,Chris Youngblood,OKC,G,https://a.espncdn.com/i/headshots/nba/players/full/4706557.png,32,5.84,2.22,0.88,0.38,-0.53,-0.06
4066372.0,Kevin Huerter,CHI,G,https://a.espncdn.com/i/headshots/nba/players/full/4066372.png,69,22.49,10.04,3.48,2.58,-0.54,-0.25
3907497.0,Dejounte Murray,NOP,G,https://a.espncdn.com/i/headshots/nba/players/full/3907497.png,14,27.86,16.71,5.36,6.36,-0.56,-0.33
2531367.0,Dwight Powell,DAL,F,https://a.espncdn.com/i/headshots/nba/players/full/2531367.png,62,14.61,3.39,4.15,1.1,-0.56,-0.17
3138196.0,Cameron Johnson,DEN,F,https://a.espncdn.com/i/headshots/nba/players/full/3138196.png,54,30.52,12.22,3.81,2.44,-0.6,-0.38
4683686.0,Nick Smith Jr.,LAL,G,https://a.espncdn.com/i/headshots/nba/players/full/4683686.png,30,12.5,6.17,0.77,1.03,-0.6,-0.16
4702382.0,Tristan da Silva,ORL,F,https://a.espncdn.com/i/headshots/nba/players/full/4702382.png,77,24.69,9.9,3.69,1.61,-0.6,-0.31
3912848.0,Dean Wade,PHI,F,https://a.espncdn.com/i/headshots/nba/players/full/3912848.png,59,22.39,5.8,4.19,1.49,-0.6,-0.28
4277847.0,Wendell Carter Jr.,ORL,C,https://a.espncdn.com/i/headshots/nba/players/full/4277847.png,78,29.36,11.82,7.4,1.97,-0.6,-0.37
4278594.0,Naji Marshall,DAL,F,https://a.espncdn.com/i/headshots/nba/players/full/4278594.png,74,29.5,15.24,4.7,3.26,-0.6,-0.37
4277961.0,Jaren Jackson Jr.,MEM,F,https://a.espncdn.com/i/headshots/nba/players/full/4277961.png,48,30.33,19.4,5.67,1.96,-0.6,-0.38
4712849.0,Anthony Black,ORL,G,https://a.espncdn.com/i/headshots/nba/players/full/4712849.png,64,29.89,14.98,3.81,3.69,-0.6,-0.37
4873201.0,Asa Newell,ATL,F,https://a.espncdn.com/i/headshots/nba/players/full/4873201.png,43,11.67,5.28,2.23,0.6,-0.62,-0.15
4432179.0,MarJon Beauchamp,PHI,F,https://a.espncdn.com/i/headshots/nba/players/full/4432179.png,14,14.0,6.79,2.29,1.07,-0.62,-0.18
4433268.0,Trey Alexander,NOP,G,https://a.espncdn.com/i/headshots/nba/players/full/4433268.png,9,12.33,5.22,1.22,1.0,-0.62,-0.16
2488653.0,Mason Plumlee,CHA,C,https://a.espncdn.com/i/headshots/nba/players/full/2488653.png,20,8.6,1.55,2.65,1.0,-0.62,-0.11
4277905.0,Trae Young,WAS,G,https://a.espncdn.com/i/headshots/nba/players/full/4277905.png,15,25.47,17.93,2.0,8.0,-0.62,-0.33
3136776.0,D'Angelo Russell,MEM,G,https://a.espncdn.com/i/headshots/nba/players/full/3136776.png,26,19.04,10.15,2.35,4.0,-0.63,-0.25
4683678.0,Scoot Henderson,POR,G,https://a.espncdn.com/i/headshots/nba/players/full/4683678.png,30,24.9,14.23,2.67,3.73,-0.64,-0.33
5239561.0,Jase Richardson,ORL,G,https://a.espncdn.com/i/headshots/nba/players/full/5239561.png,54,10.91,4.43,1.17,1.07,-0.65,-0.15
4565201.0,Malaki Branham,WAS,G,https://a.espncdn.com/i/headshots/nba/players/full/4565201.png,26,10.62,4.92,1.69,0.88,-0.66,-0.15
4066993.0,Dru Smith,MIA,G,https://a.espncdn.com/i/headshots/nba/players/full/4066993.png,70,16.37,5.64,2.47,2.57,-0.69,-0.24
4431785.0,Scotty Pippen Jr.,MEM,G,https://a.espncdn.com/i/headshots/nba/players/full/4431785.png,10,21.2,11.4,2.2,4.7,-0.69,-0.3
2528210.0,Tim Hardaway Jr.,MIA,G,https://a.espncdn.com/i/headshots/nba/players/full/2528210.png,80,26.65,13.49,2.58,1.35,-0.7,-0.39
4432639.0,Jabari Smith Jr.,HOU,F,https://a.espncdn.com/i/headshots/nba/players/full/4432639.png,77,35.14,15.78,6.87,1.86,-0.7,-0.51
4433133.0,Jahmir Young,MIA,G,https://a.espncdn.com/i/headshots/nba/players/full/4433133.png,13,4.46,1.92,0.31,0.69,-0.72,-0.07
5093267.0,Collin Murray-Boyles,TOR,F,https://a.espncdn.com/i/headshots/nba/players/full/5093267.png,57,21.84,8.49,5.0,1.86,-0.72,-0.33
4593125.0,Santi Aldama,DAL,F,https://a.espncdn.com/i/headshots/nba/players/full/4593125.png,43,27.84,14.0,6.67,2.93,-0.72,-0.42
6478.0,Nikola Vucevic,ORL,C,https://a.espncdn.com/i/headshots/nba/players/full/6478.png,64,28.42,15.08,8.39,3.33,-0.74,-0.44
4433083.0,Cam Spencer,MEM,G,https://a.espncdn.com/i/headshots/nba/players/full/4433083.png,72,23.85,11.08,2.54,5.56,-0.76,-0.38
4683689.0,Jordan Walsh,BOS,G,https://a.espncdn.com/i/headshots/nba/players/full/4683689.png,68,17.85,5.35,4.0,0.79,-0.76,-0.28
4781746.0,Javon Small,MEM,G,https://a.espncdn.com/i/headshots/nba/players/full/4781746.png,40,20.75,9.9,3.2,3.78,-0.78,-0.34
2578239.0,Pat Connaughton,CHA,G,https://a.espncdn.com/i/headshots/nba/players/full/2578239.png,42,7.0,2.62,1.45,0.43,-0.79,-0.12
4397140.0,Kevin Porter Jr.,MIL,G,https://a.espncdn.com/i/headshots/nba/players/full/4397140.png,38,33.18,17.39,5.21,7.37,-0.79,-0.55
4702972.0,Chris Manon,LAL,G,https://a.espncdn.com/i/headshots/nba/players/full/4702972.png,9,5.22,0.78,1.11,0.33,-0.79,-0.09
2991139.0,Kris Dunn,LAC,G,https://a.espncdn.com/i/headshots/nba/players/full/2991139.png,82,27.22,7.27,3.3,3.6,-0.8,-0.45
4869780.0,Derik Queen,NOP,C,https://a.espncdn.com/i/headshots/nba/players/full/4869780.png,81,25.04,11.7,7.06,3.68,-0.8,-0.42
4431695.0,Drew Timme,LAL,F,https://a.espncdn.com/i/headshots/nba/players/full/4431695.png,26,9.08,3.54,1.27,0.88,-0.81,-0.15
2489663.0,Kelly Olynyk,SAS,F,https://a.espncdn.com/i/headshots/nba/players/full/2489663.png,41,8.83,3.24,1.85,1.2,-0.81,-0.15
4576060.0,Ryan Kalkbrenner,CHA,C,https://a.espncdn.com/i/headshots/nba/players/full/4576060.png,69,21.45,7.55,5.46,0.78,-0.81,-0.36
4683771.0,Ronald Holland II,DET,F,https://a.espncdn.com/i/headshots/nba/players/full/4683771.png,78,19.79,8.21,4.04,1.22,-0.82,-0.34
4997538.0,Karlo Matkovic,NOP,F,https://a.espncdn.com/i/headshots/nba/players/full/4997538.png,62,14.68,5.68,3.69,0.81,-0.82,-0.25
4433247.0,Jonathan Kuminga,GSW,F,https://a.espncdn.com/i/headshots/nba/players/full/4433247.png,36,23.08,12.17,5.61,2.31,-0.83,-0.4
4431823.0,Miles McBride,NYK,G,https://a.espncdn.com/i/headshots/nba/players/full/4431823.png,41,26.34,11.98,2.44,2.59,-0.83,-0.46
4433174.0,Dylan Cardwell,SAC,C,https://a.espncdn.com/i/headshots/nba/players/full/4433174.png,44,20.7,5.41,7.55,1.41,-0.83,-0.36
4066399.0,Micah Potter,IND,C,https://a.espncdn.com/i/headshots/nba/players/full/4066399.png,47,19.3,9.74,4.96,1.47,-0.84,-0.34
4398207.0,Jalen Slawson,IND,F,https://a.espncdn.com/i/headshots/nba/players/full/4398207.png,13,23.92,7.31,4.38,2.77,-0.85,-0.42
5211983.0,Pacome Dadiet,NYK,F,https://a.espncdn.com/i/headshots/nba/players/full/5211983.png,28,4.93,1.71,0.96,0.43,-0.88,-0.09
4066436.0,De'Anthony Melton,GSW,G,https://a.espncdn.com/i/headshots/nba/players/full/4066436.png,49,23.0,12.29,3.22,2.55,-0.88,-0.42
4683634.0,Bennedict Mathurin,IND,G,https://a.espncdn.com/i/headshots/nba/players/full/4683634.png,54,29.96,17.57,5.43,2.39,-0.89,-0.56
4278053.0,Davion Mitchell,MIA,G,https://a.espncdn.com/i/headshots/nba/players/full/4278053.png,70,28.57,9.34,2.67,6.47,-0.9,-0.54
4397183.0,Aaron Wiggins,ATL,G,https://a.espncdn.com/i/headshots/nba/players/full/4397183.png,65,21.8,9.4,3.06,1.68,-0.9,-0.41
4278129.0,Deandre Ayton,WAS,C,https://a.espncdn.com/i/headshots/nba/players/full/4278129.png,72,27.26,12.46,7.99,0.82,-0.9,-0.51
3133628.0,Myles Turner,MIL,C,https://a.espncdn.com/i/headshots/nba/players/full/3133628.png,71,26.9,11.92,5.32,1.45,-0.9,-0.5
3449.0,Kevin Love,UTA,F,https://a.espncdn.com/i/headshots/nba/players/full/3449.png,37,16.49,6.7,5.81,1.81,-0.92,-0.32
4431684.0,Trayce Jackson-Davis,GSW,F,https://a.espncdn.com/i/headshots/nba/players/full/4431684.png,52,9.6,3.48,2.77,0.75,-0.94,-0.19
4683834.0,KJ Simpson,CHA,G,https://a.espncdn.com/i/headshots/nba/players/full/4683834.png,20,12.85,4.55,1.85,2.15,-0.96,-0.26
2991070.0,Jerami Grant,MEM,F,https://a.espncdn.com/i/headshots/nba/players/full/2991070.png,57,29.77,18.6,3.47,2.14,-0.99,-0.61
4711294.0,Matas Buzelis,CHI,F,https://a.espncdn.com/i/headshots/nba/players/full/4711294.png,77,29.19,16.26,5.82,2.05,-1.0,-0.61
4431736.0,Toumani Camara,POR,F,https://a.espncdn.com/i/headshots/nba/players/full/4431736.png,82,33.29,13.41,5.13,2.45,-1.0,-0.69
4278516.0,Ethan Thompson,IND,G,https://a.espncdn.com/i/headshots/nba/players/full/4278516.png,32,20.47,6.97,2.16,1.78,-1.0,-0.43
3913174.0,Luke Kennard,PHX,G,https://a.espncdn.com/i/headshots/nba/players/full/3913174.png,78,21.56,8.36,2.33,2.23,-1.0,-0.45
4683778.0,Jared McCain,PHI,G,https://a.espncdn.com/i/headshots/nba/players/full/4683778.png,67,17.36,8.33,2.04,1.34,-1.01,-0.37
4845363.0,Cam Christie,LAC,G,https://a.espncdn.com/i/headshots/nba/players/full/4845363.png,54,8.87,2.89,1.44,0.57,-1.04,-0.19
3064230.0,Cameron Payne,PHI,PG,https://a.espncdn.com/i/headshots/nba/players/full/3064230.png,22,17.05,7.41,2.0,2.64,-1.04,-0.37
4432810.0,Isaiah Stewart,MEM,F,https://a.espncdn.com/i/headshots/nba/players/full/4432810.png,58,22.66,10.02,5.0,1.14,-1.06,-0.5
4997528.0,Nikola Jovic,MIA,F,https://a.espncdn.com/i/headshots/nba/players/full/4997528.png,46,17.61,7.48,3.33,2.22,-1.06,-0.39
4397071.0,Mac McClung,IND,G,https://a.espncdn.com/i/headshots/nba/players/full/4397071.png,11,12.27,6.09,0.91,0.91,-1.07,-0.27
4888725.0,Ryan Dunn,PHX,F,https://a.espncdn.com/i/headshots/nba/players/full/4888725.png,70,19.37,5.81,4.24,1.46,-1.08,-0.44
4432646.0,Kennedy Chandler,UTA,G,https://a.espncdn.com/i/headshots/nba/players/full/4432646.png,11,32.18,15.0,3.36,6.73,-1.09,-0.73
4433627.0,Keyonte George,UTA,G,https://a.espncdn.com/i/headshots/nba/players/full/4433627.png,54,33.07,23.61,3.69,6.15,-1.09,-0.75
2993874.0,Kyle Anderson,TOR,F,https://a.espncdn.com/i/headshots/nba/players/full/2993874.png,43,19.88,6.19,3.49,2.93,-1.1,-0.46
3150844.0,Moritz Wagner,BKN,F,https://a.espncdn.com/i/headshots/nba/players/full/3150844.png,36,11.86,6.86,3.19,0.75,-1.11,-0.27
5044385.0,Leonard Miller,MIN,F,https://a.espncdn.com/i/headshots/nba/players/full/5044385.png,46,15.67,7.85,3.93,0.87,-1.12,-0.37
4592857.0,Isaiah Crawford,HOU,F,https://a.espncdn.com/i/headshots/nba/players/full/4592857.png,14,6.71,2.0,1.14,0.36,-1.12,-0.16
4702656.0,Alijah Martin,TOR,G,https://a.espncdn.com/i/headshots/nba/players/full/4702656.png,23,6.3,2.22,0.91,0.52,-1.12,-0.15
3133602.0,Svi Mykhailiuk,UTA,G,https://a.espncdn.com/i/headshots/nba/players/full/3133602.png,50,23.08,9.38,2.48,1.86,-1.13,-0.54
4277957.0,Isaiah Livers,PHX,F,https://a.espncdn.com/i/headshots/nba/players/full/4277957.png,36,9.69,1.81,1.69,0.58,-1.13,-0.23
4592714.0,Pat Spencer,GSW,G,https://a.espncdn.com/i/headshots/nba/players/full/4592714.png,66,18.56,7.21,2.39,3.52,-1.13,-0.44
4277848.0,Marvin Bagley III,DEN,F,https://a.espncdn.com/i/headshots/nba/players/full/4277848.png,60,20.05,10.45,6.1,1.42,-1.13,-0.47
4683024.0,Killian Hayes,SAC,G,https://a.espncdn.com/i/headshots/nba/players/full/4683024.png,23,17.61,5.52,2.35,3.52,-1.13,-0.41
3936099.0,Derrick Jones Jr.,LAC,F,https://a.espncdn.com/i/headshots/nba/players/full/3936099.png,50,26.94,10.08,3.46,1.38,-1.14,-0.64
4433159.0,Dalen Terry,CHI,F,https://a.espncdn.com/i/headshots/nba/players/full/4433159.png,48,11.46,3.67,1.79,1.38,-1.14,-0.27
4065654.0,Jonathan Isaac,ORL,F,https://a.espncdn.com/i/headshots/nba/players/full/4065654.png,50,10.4,2.68,2.64,0.44,-1.15,-0.25
4432821.0,E.J. Liddell,BKN,F,https://a.espncdn.com/i/headshots/nba/players/full/4432821.png,26,13.42,5.65,2.65,0.92,-1.17,-0.33
2990984.0,Buddy Hield,GSW,G,https://a.espncdn.com/i/headshots/nba/players/full/2990984.png,51,16.08,7.65,2.27,1.39,-1.17,-0.39
2580365.0,Larry Nance Jr.,IND,F,https://a.espncdn.com/i/headshots/nba/players/full/2580365.png,35,12.86,3.74,2.66,0.97,-1.18,-0.32
4711297.0,Justin Edwards,PHI,F,https://a.espncdn.com/i/headshots/nba/players/full/4711297.png,63,15.48,6.13,1.49,1.27,-1.19,-0.38
4576087.0,Peyton Watson,DEN,G,https://a.espncdn.com/i/headshots/nba/players/full/4576087.png,54,29.56,14.61,4.89,2.06,-1.2,-0.74
4431767.0,Christian Braun,DEN,G,https://a.espncdn.com/i/headshots/nba/players/full/4431767.png,44,31.8,11.95,4.8,2.73,-1.2,-0.79
4592691.0,Jake LaRavia,LAL,F,https://a.espncdn.com/i/headshots/nba/players/full/4592691.png,82,25.17,8.22,3.98,1.77,-1.2,-0.63
4700852.0,Chaz Lanier,DET,G,https://a.espncdn.com/i/headshots/nba/players/full/4700852.png,33,8.0,2.42,0.7,0.52,-1.22,-0.2
3074213.0,Omer Yurtseven,GSW,C,https://a.espncdn.com/i/headshots/nba/players/full/3074213.png,9,11.56,3.78,3.33,0.89,-1.24,-0.3
4712863.0,Mouhamed Gueye,ATL,F,https://a.espncdn.com/i/headshots/nba/players/full/4712863.png,77,15.3,4.44,3.57,0.9,-1.25,-0.4
3948153.0,Chris Boucher,BOS,F,https://a.espncdn.com/i/headshots/nba/players/full/3948153.png,9,10.44,2.33,2.0,0.33,-1.25,-0.27
4066317.0,Lindy Waters III,SAS,F,https://a.espncdn.com/i/headshots/nba/players/full/4066317.png,40,7.18,2.38,0.72,0.48,-1.26,-0.19
5174655.0,Chaney Johnson,BKN,F,https://a.espncdn.com/i/headshots/nba/players/full/5174655.png,17,20.29,8.18,4.65,2.12,-1.26,-0.53
4433218.0,Jaden Ivey,DET,G,https://a.espncdn.com/i/headshots/nba/players/full/4433218.png,37,18.11,8.54,2.46,1.84,-1.27,-0.48
4397449.0,Elijah Harkless,UTA,G,https://a.espncdn.com/i/headshots/nba/players/full/4397449.png,26,20.96,6.85,2.04,2.88,-1.27,-0.55
4591725.0,Ryan Rollins,MIL,G,https://a.espncdn.com/i/headshots/nba/players/full/4591725.png,74,32.09,17.31,4.57,5.59,-1.28,-0.86
5105553.0,Julian Phillips,CHI,F,https://a.espncdn.com/i/headshots/nba/players/full/5105553.png,48,8.94,2.92,1.02,0.21,-1.28,-0.24
4914336.0,Shaedon Sharpe,POR,G,https://a.espncdn.com/i/headshots/nba/players/full/4914336.png,50,29.42,20.84,4.34,2.64,-1.28,-0.78
6583.0,Anthony Davis,DAL,F,https://a.espncdn.com/i/headshots/nba/players/full/6583.png,20,31.25,20.35,11.05,2.8,-1.29,-0.84
4277964.0,Xavier Tillman,BOS,F,https://a.espncdn.com/i/headshots/nba/players/full/4277964.png,28,6.64,1.57,1.54,0.46,-1.3,-0.18
4683749.0,TyTy Washington Jr.,LAC,G,https://a.espncdn.com/i/headshots/nba/players/full/4683749.png,15,5.73,1.4,0.4,1.13,-1.3,-0.16
4684793.0,Kyle Filipowski,UTA,F,https://a.espncdn.com/i/headshots/nba/players/full/4684793.png,77,23.4,11.42,7.17,2.57,-1.31,-0.64
4066387.0,Amir Coffey,MIL,G,https://a.espncdn.com/i/headshots/nba/players/full/4066387.png,46,10.67,3.24,1.24,0.59,-1.33,-0.3
4683742.0,Julian Reese,WAS,F,,13,30.92,11.85,10.54,1.85,-1.33,-0.86
4696317.0,Miles Kelly,DAL,G,https://a.espncdn.com/i/headshots/nba/players/full/4696317.png,14,9.64,3.07,1.71,0.86,-1.33,-0.27
3416.0,Nicolas Batum,LAC,F,https://a.espncdn.com/i/headshots/nba/players/full/3416.png,74,17.46,3.96,2.49,0.86,-1.34,-0.49
4593803.0,Jalen Williams,OKC,G,https://a.espncdn.com/i/headshots/nba/players/full/4593803.png,33,28.39,17.06,4.64,5.48,-1.35,-0.8
4433192.0,Tari Eason,HOU,F,https://a.espncdn.com/i/headshots/nba/players/full/4433192.png,60,25.9,10.45,6.27,1.5,-1.35,-0.73
5167876.0,Tyler Smith,DAL,F,https://a.espncdn.com/i/headshots/nba/players/full/5167876.png,12,13.92,4.67,2.75,0.42,-1.35,-0.39
3064560.0,Luke Kornet,SAS,C,https://a.espncdn.com/i/headshots/nba/players/full/3064560.png,69,21.03,6.64,6.09,1.84,-1.35,-0.59
4868423.0,Jaden Hardy,LAL,G,https://a.espncdn.com/i/headshots/nba/players/full/4868423.png,57,15.79,9.18,1.51,1.02,-1.35,-0.44
4687718.0,Josh Minott,BOS,F,https://a.espncdn.com/i/headshots/nba/players/full/4687718.png,49,16.98,7.43,3.22,0.94,-1.36,-0.48
4432171.0,Moses Moody,GSW,G,https://a.espncdn.com/i/headshots/nba/players/full/4432171.png,60,25.68,12.13,3.33,1.63,-1.36,-0.73
3102530.0,Jusuf Nurkic,UTA,C,https://a.espncdn.com/i/headshots/nba/players/full/3102530.png,41,26.44,10.9,10.37,4.78,-1.37,-0.75
4431778.0,Christian Koloko,LAL,C,https://a.espncdn.com/i/headshots/nba/players/full/4431778.png,27,13.26,2.7,3.0,0.67,-1.37,-0.38
6475.0,Klay Thompson,DAL,G,https://a.espncdn.com/i/headshots/nba/players/full/6475.png,69,21.65,11.74,2.07,1.39,-1.4,-0.63
5105806.0,Jett Howard,ORL,G,https://a.espncdn.com/i/headshots/nba/players/full/5105806.png,55,12.71,5.47,1.58,0.82,-1.42,-0.38
4610139.0,Jeremy Sochan,POR,F,https://a.espncdn.com/i/headshots/nba/players/full/4610139.png,44,10.68,3.59,2.43,0.91,-1.42,-0.32
3136777.0,Jae'Sean Tate,HOU,F,https://a.espncdn.com/i/headshots/nba/players/full/3136777.png,45,8.98,2.87,1.62,0.56,-1.46,-0.27
4433188.0,Devin Carter,ATL,G,https://a.espncdn.com/i/headshots/nba/players/full/4433188.png,38,18.45,8.92,3.29,2.66,-1.46,-0.56
4023.0,Garrett Temple,TOR,G,https://a.espncdn.com/i/headshots/nba/players/full/4023.png,22,3.32,0.77,0.41,0.41,-1.48,-0.1
4066268.0,Duop Reath,POR,C,https://a.espncdn.com/i/headshots/nba/players/full/4066268.png,32,8.0,2.94,1.19,0.31,-1.48,-0.25
3922230.0,Aaron Holiday,HOU,G,https://a.espncdn.com/i/headshots/nba/players/full/3922230.png,57,13.67,5.47,1.02,1.05,-1.49,-0.42
4432582.0,Max Christie,DAL,G,https://a.espncdn.com/i/headshots/nba/players/full/4432582.png,77,29.13,12.27,3.23,1.96,-1.5,-0.91
3064440.0,Zach LaVine,SAC,G,https://a.espncdn.com/i/headshots/nba/players/full/3064440.png,39,31.44,19.18,2.77,2.28,-1.5,-0.98
5107897.0,Jonathan Mogbo,TOR,F,https://a.espncdn.com/i/headshots/nba/players/full/5107897.png,38,6.61,1.61,1.79,0.66,-1.53,-0.21
4997539.0,Luke Travers,CLE,F,https://a.espncdn.com/i/headshots/nba/players/full/4997539.png,12,8.75,2.33,2.0,0.75,-1.53,-0.28
5060631.0,Adou Thiero,LAL,F,https://a.espncdn.com/i/headshots/nba/players/full/5060631.png,25,6.04,1.88,1.12,0.4,-1.55,-0.2
4065778.0,Max Strus,CLE,G,https://a.espncdn.com/i/headshots/nba/players/full/4065778.png,12,24.0,11.17,5.42,2.0,-1.56,-0.78
5160992.0,Alex Sarr,WAS,C,https://a.espncdn.com/i/headshots/nba/players/full/5160992.png,48,27.21,16.31,7.4,2.71,-1.56,-0.88
3155535.0,Kevon Looney,LAL,F,https://a.espncdn.com/i/headshots/nba/players/full/3155535.png,21,14.62,2.81,5.62,1.62,-1.57,-0.48
4709138.0,Brandin Podziemski,GSW,G,https://a.espncdn.com/i/headshots/nba/players/full/4709138.png,82,28.46,13.82,5.11,3.71,-1.58,-0.94
3133635.0,Jevon Carter,CHI,G,https://a.espncdn.com/i/headshots/nba/players/full/3133635.png,53,16.38,6.4,1.68,1.64,-1.58,-0.54
2581018.0,Kentavious Caldwell-Pope,PHI,G,https://a.espncdn.com/i/headshots/nba/players/full/2581018.png,51,21.25,8.39,2.45,2.73,-1.59,-0.7
4278078.0,P.J. Washington,DAL,F,https://a.espncdn.com/i/headshots/nba/players/full/4278078.png,56,30.93,14.16,7.04,1.75,-1.6,-1.03
4397014.0,Quentin Grimes,LAL,G,https://a.espncdn.com/i/headshots/nba/players/full/4397014.png,75,29.49,13.41,3.64,3.25,-1.6,-0.98
4280151.0,Corey Kispert,WAS,F,https://a.espncdn.com/i/headshots/nba/players/full/4280151.png,58,18.66,9.17,2.28,1.59,-1.61,-0.63
4871145.0,Josh Giddey,CHI,G,https://a.espncdn.com/i/headshots/nba/players/full/4871145.png,54,32.09,17.02,8.3,9.15,-1.61,-1.08
5124612.0,VJ Edgecombe,PHI,G,https://a.espncdn.com/i/headshots/nba/players/full/5124612.png,75,35.01,15.99,5.64,4.2,-1.61,-1.17
4397233.0,Pete Nance,MIL,F,https://a.espncdn.com/i/headshots/nba/players/full/4397233.png,47,15.57,5.4,2.66,1.02,-1.61,-0.52
4997536.0,Gui Santos,GSW,F,https://a.espncdn.com/i/headshots/nba/players/full/4997536.png,68,20.56,9.19,3.91,2.34,-1.61,-0.69
3209.0,Jeff Green,HOU,F,https://a.espncdn.com/i/headshots/nba/players/full/3209.png,30,5.87,2.23,0.83,0.27,-1.62,-0.2
3134916.0,Jordan McLaughlin,SAS,G,https://a.espncdn.com/i/headshots/nba/players/full/3134916.png,44,6.43,2.02,0.73,0.86,-1.63,-0.22
4433246.0,Patrick Baldwin Jr.,LAC,G,https://a.espncdn.com/i/headshots/nba/players/full/4433246.png,9,11.44,3.67,2.56,0.56,-1.64,-0.39
3155942.0,Domantas Sabonis,SAC,F,https://a.espncdn.com/i/headshots/nba/players/full/3155942.png,19,29.74,15.84,11.37,4.11,-1.65,-1.02
4683774.0,Bronny James,LAL,G,https://a.espncdn.com/i/headshots/nba/players/full/4683774.png,42,8.98,2.9,0.55,1.21,-1.66,-0.31
4431679.0,Precious Achiuwa,SAC,PF,https://a.espncdn.com/i/headshots/nba/players/full/4431679.png,73,23.96,10.08,6.74,1.38,-1.67,-0.83
3914044.0,Landry Shamet,NYK,G,https://a.espncdn.com/i/headshots/nba/players/full/3914044.png,51,23.0,9.31,1.8,1.41,-1.7,-0.81
5211175.0,Zaccharie Risacher,DAL,F,https://a.espncdn.com/i/headshots/nba/players/full/5211175.png,67,22.42,9.57,3.84,1.13,-1.71,-0.8
4277811.0,Collin Sexton,LAL,G,https://a.espncdn.com/i/headshots/nba/players/full/4277811.png,68,23.72,15.44,2.28,3.28,-1.71,-0.85
3032979.0,Dennis Schroder,SAC,G,https://a.espncdn.com/i/headshots/nba/players/full/3032979.png,70,24.2,10.8,2.71,4.87,-1.73,-0.87
4432847.0,Terrence Shannon Jr.,MIN,G,https://a.espncdn.com/i/headshots/nba/players/full/4432847.png,43,12.42,5.6,1.14,0.88,-1.73,-0.45
4595400.0,Olivier-Maxence Prosper,MEM,F,https://a.espncdn.com/i/headshots/nba/players/full/4595400.png,52,18.9,10.19,3.6,0.98,-1.74,-0.69
4066421.0,Lonzo Ball,CLE,G,https://a.espncdn.com/i/headshots/nba/players/full/4066421.png,35,20.8,4.57,4.0,3.89,-1.75,-0.76
3134932.0,John Konchar,MEM,G,https://a.espncdn.com/i/headshots/nba/players/full/3134932.png,56,19.93,4.43,4.29,2.11,-1.76,-0.73
5157066.0,Johnny Furphy,IND,G,https://a.espncdn.com/i/headshots/nba/players/full/5157066.png,35,18.29,5.14,4.37,1.17,-1.76,-0.67
2583632.0,Royce O'Neale,CHA,F,https://a.espncdn.com/i/headshots/nba/players/full/2583632.png,78,28.37,9.81,4.77,2.67,-1.79,-1.06
4065731.0,Jay Huff,IND,C,https://a.espncdn.com/i/headshots/nba/players/full/4065731.png,82,21.01,9.55,3.95,1.48,-1.8,-0.79
4065732.0,De'Andre Hunter,CLE,F,https://a.espncdn.com/i/headshots/nba/players/full/4065732.png,45,26.16,13.67,4.11,2.0,-1.83,-1.0
4395620.0,Hunter Tyson,DEN,F,https://a.espncdn.com/i/headshots/nba/players/full/4395620.png,21,7.71,2.19,1.71,0.81,-1.85,-0.3
4906923.0,Bobi Klintman,DET,F,https://a.espncdn.com/i/headshots/nba/players/full/4906923.png,12,6.17,1.83,1.58,0.5,-1.86,-0.24
3195.0,Mike Conley,BOS,G,https://a.espncdn.com/i/headshots/nba/players/full/3195.png,54,18.41,4.54,1.72,2.91,-1.89,-0.72
4396818.0,Jordan Miller,LAC,G,https://a.espncdn.com/i/headshots/nba/players/full/4396818.png,60,22.03,9.97,3.03,2.27,-1.89,-0.87
4684272.0,Ja'Kobe Walter,TOR,G,https://a.espncdn.com/i/headshots/nba/players/full/4684272.png,72,20.44,7.51,2.57,1.19,-1.93,-0.82
4683935.0,Blake Wesley,POR,G,https://a.espncdn.com/i/headshots/nba/players/full/4683935.png,31,11.71,4.77,1.26,2.0,-1.93,-0.47
4702177.0,Keon Ellis,BKN,G,https://a.espncdn.com/i/headshots/nba/players/full/4702177.png,72,20.5,6.67,1.88,1.0,-1.94,-0.83
4594326.0,Kris Murray,MEM,F,https://a.espncdn.com/i/headshots/nba/players/full/4594326.png,57,23.46,5.81,3.61,1.42,-1.95,-0.95
5159925.0,Nikola Topic,OKC,G,https://a.espncdn.com/i/headshots/nba/players/full/5159925.png,10,16.1,5.2,1.9,4.4,-1.95,-0.65
4411057.0,Kevin McCullar Jr.,NYK,G,https://a.espncdn.com/i/headshots/nba/players/full/4411057.png,19,8.16,2.63,1.47,1.05,-1.96,-0.33
4397020.0,Luguentz Dort,ATL,G,https://a.espncdn.com/i/headshots/nba/players/full/4397020.png,69,26.83,8.35,3.55,1.23,-2.0,-1.12
4897943.0,Dalton Knecht,LAL,F,https://a.espncdn.com/i/headshots/nba/players/full/4897943.png,54,10.22,4.22,1.39,0.39,-2.0,-0.43
3213.0,Al Horford,GSW,C,https://a.espncdn.com/i/headshots/nba/players/full/3213.png,45,21.58,8.27,4.87,2.58,-2.0,-0.9
4897449.0,Malevy Leons,GSW,F,https://a.espncdn.com/i/headshots/nba/players/full/4897449.png,25,11.04,3.32,2.12,0.92,-2.01,-0.46
4277869.0,Jose Alvarado,NOP,G,https://a.espncdn.com/i/headshots/nba/players/full/4277869.png,69,19.87,7.39,2.48,3.39,-2.06,-0.85
4870562.0,Dominick Barlow,PHI,F,https://a.espncdn.com/i/headshots/nba/players/full/4870562.png,71,23.73,7.68,4.79,1.23,-2.07,-1.02
3908845.0,John Collins,DET,F,https://a.espncdn.com/i/headshots/nba/players/full/3908845.png,69,27.09,13.55,5.32,1.01,-2.07,-1.17
4578893.0,Vit Krejci,ATL,G,https://a.espncdn.com/i/headshots/nba/players/full/4578893.png,65,21.37,8.46,2.28,1.54,-2.08,-0.93
4397784.0,Malachi Smith,BKN,G,,15,23.93,8.27,3.4,3.27,-2.09,-1.04
4431675.0,Trendon Watford,PHI,F,https://a.espncdn.com/i/headshots/nba/players/full/4431675.png,53,16.3,6.53,3.28,2.49,-2.1,-0.71
4066262.0,Malik Monk,SAC,G,https://a.espncdn.com/i/headshots/nba/players/full/4066262.png,62,21.98,12.45,1.89,2.98,-2.13,-0.98
4432907.0,Justin Champagnie,WAS,F,https://a.espncdn.com/i/headshots/nba/players/full/4432907.png,68,20.25,8.78,5.65,1.24,-2.13,-0.9
4397821.0,Nate Williams,GSW,G,https://a.espncdn.com/i/headshots/nba/players/full/4397821.png,14,17.21,8.0,2.14,1.0,-2.13,-0.76
4279118.0,Keaton Wallace,ATL,G,https://a.espncdn.com/i/headshots/nba/players/full/4279118.png,52,10.29,3.58,1.08,1.81,-2.14,-0.46
2991043.0,Caris LeVert,MIL,G,https://a.espncdn.com/i/headshots/nba/players/full/2991043.png,60,19.23,7.38,1.95,2.65,-2.15,-0.86
2990962.0,Taurean Prince,DET,F,https://a.espncdn.com/i/headshots/nba/players/full/2990962.png,26,23.58,9.19,3.12,1.77,-2.15,-1.06
3448.0,Brook Lopez,LAC,C,https://a.espncdn.com/i/headshots/nba/players/full/3448.png,75,21.8,8.45,3.64,1.29,-2.16,-0.98
4066648.0,Rui Hachimura,LAC,F,https://a.espncdn.com/i/headshots/nba/players/full/4066648.png,68,28.34,11.47,3.32,0.84,-2.2,-1.3
4432887.0,Tyson Etienne,BKN,G,https://a.espncdn.com/i/headshots/nba/players/full/4432887.png,24,15.83,7.88,1.12,1.67,-2.21,-0.73
5175643.0,Egor Demin,BKN,G,https://a.espncdn.com/i/headshots/nba/players/full/5175643.png,52,25.1,10.31,3.17,3.33,-2.22,-1.16
4432809.0,Cole Anthony,MIL,G,https://a.espncdn.com/i/headshots/nba/players/full/4432809.png,35,15.06,6.69,2.49,3.46,-2.24,-0.7
4606840.0,Jamir Watkins,WAS,G,https://a.espncdn.com/i/headshots/nba/players/full/4606840.png,48,21.46,7.67,4.04,1.4,-2.24,-1.0
5170947.0,AJ Johnson,MEM,G,https://a.espncdn.com/i/headshots/nba/players/full/5170947.png,47,9.68,3.4,1.17,1.0,-2.27,-0.46
4602025.0,Sion James,CHA,G,https://a.espncdn.com/i/headshots/nba/players/full/4602025.png,82,22.44,5.38,3.5,1.99,-2.28,-1.07
3134907.0,Kyle Kuzma,MIL,F,https://a.espncdn.com/i/headshots/nba/players/full/3134907.png,69,26.23,12.99,4.54,2.67,-2.3,-1.26
3155526.0,Dillon Brooks,PHX,F,https://a.espncdn.com/i/headshots/nba/players/full/3155526.png,56,30.39,20.2,3.62,1.77,-2.3,-1.46
4278076.0,Nick Richards,PHX,C,https://a.espncdn.com/i/headshots/nba/players/full/4278076.png,47,14.96,5.87,5.17,0.34,-2.3,-0.72
3064482.0,Bobby Portis,MIA,F,https://a.espncdn.com/i/headshots/nba/players/full/3064482.png,67,24.13,13.66,6.39,1.57,-2.31,-1.16
2528426.0,Jordan Clarkson,NYK,G,https://a.espncdn.com/i/headshots/nba/players/full/2528426.png,73,17.92,8.73,1.77,1.32,-2.31,-0.86
5214637.0,Noah Penda,ORL,F,https://a.espncdn.com/i/headshots/nba/players/full/5214637.png,58,13.12,3.91,3.22,1.21,-2.32,-0.63
4395650.0,Leaky Black,WAS,F,https://a.espncdn.com/i/headshots/nba/players/full/4395650.png,15,28.8,7.07,5.0,1.47,-2.33,-1.4
4997537.0,Tristan Vukcevic,WAS,F,https://a.espncdn.com/i/headshots/nba/players/full/4997537.png,49,13.67,9.0,3.0,1.12,-2.35,-0.67
4432185.0,Micah Peavy,NOP,G,https://a.espncdn.com/i/headshots/nba/players/full/4432185.png,61,14.97,4.3,1.92,1.0,-2.36,-0.74
4702384.0,Nique Clifford,SAC,G,https://a.espncdn.com/i/headshots/nba/players/full/4702384.png,75,25.09,8.6,3.76,2.39,-2.37,-1.24
4396909.0,Aaron Nesmith,IND,G,https://a.espncdn.com/i/headshots/nba/players/full/4396909.png,45,29.64,13.8,4.16,1.91,-2.38,-1.47
4431690.0,Zeke Nnaji,DEN,F,https://a.espncdn.com/i/headshots/nba/players/full/4431690.png,52,12.06,3.65,2.62,0.56,-2.4,-0.6
4065670.0,Bruce Brown,DEN,G,https://a.espncdn.com/i/headshots/nba/players/full/4065670.png,82,24.34,7.91,3.88,2.12,-2.4,-1.22
5105839.0,Brice Sensabaugh,UTA,F,https://a.espncdn.com/i/headshots/nba/players/full/5105839.png,74,23.82,15.08,3.12,1.93,-2.42,-1.2
4395712.0,Andrew Nembhard,IND,G,https://a.espncdn.com/i/headshots/nba/players/full/4395712.png,57,31.33,16.95,2.81,7.67,-2.42,-1.58
4702745.0,Amari Williams,BOS,F,https://a.espncdn.com/i/headshots/nba/players/full/4702745.png,21,6.9,1.43,1.9,0.48,-2.42,-0.35
5174563.0,Kyshawn George,WAS,F,https://a.espncdn.com/i/headshots/nba/players/full/5174563.png,48,28.94,14.79,5.1,4.46,-2.43,-1.46
4594327.0,Keegan Murray,SAC,F,https://a.espncdn.com/i/headshots/nba/players/full/4594327.png,23,34.57,13.96,5.74,1.65,-2.44,-1.76
4432173.0,Sharife Cooper,WAS,G,https://a.espncdn.com/i/headshots/nba/players/full/4432173.png,41,17.1,8.12,2.1,3.02,-2.47,-0.88
5112087.0,Jaylen Wells,MEM,F,https://a.espncdn.com/i/headshots/nba/players/full/5112087.png,69,26.39,12.54,3.19,1.61,-2.49,-1.37
4432813.0,Jeremiah Robinson-Earl,IND,F,https://a.espncdn.com/i/headshots/nba/players/full/4432813.png,22,16.45,4.59,4.68,0.68,-2.51,-0.86
5105637.0,Adem Bona,PHI,C,https://a.espncdn.com/i/headshots/nba/players/full/5105637.png,71,17.39,4.85,4.32,0.45,-2.55,-0.92
4397475.0,AJ Green,MIL,G,https://a.espncdn.com/i/headshots/nba/players/full/4397475.png,78,29.14,10.37,2.73,1.95,-2.55,-1.55
4702352.0,Kobe Sanders,LAC,G,https://a.espncdn.com/i/headshots/nba/players/full/4702352.png,68,19.9,7.28,2.25,1.6,-2.57,-1.07
4703421.0,Taelon Peter,IND,G,https://a.espncdn.com/i/headshots/nba/players/full/4703421.png,38,12.95,4.5,1.55,1.05,-2.58,-0.7
4397040.0,Brandon Williams,DAL,G,https://a.espncdn.com/i/headshots/nba/players/full/4397040.png,66,22.18,13.02,2.89,3.88,-2.58,-1.19
4431941.0,RayJ Dennis,IND,G,https://a.espncdn.com/i/headshots/nba/players/full/4431941.png,17,12.12,4.35,1.53,1.94,-2.62,-0.66
5107173.0,Danny Wolf,BKN,F,https://a.espncdn.com/i/headshots/nba/players/full/5107173.png,57,20.91,8.91,4.93,2.23,-2.62,-1.14
6585.0,Andre Drummond,NYK,C,https://a.espncdn.com/i/headshots/nba/players/full/6585.png,63,19.6,6.4,8.44,1.27,-2.63,-1.07
4432190.0,Andre Jackson Jr.,MIL,G,https://a.espncdn.com/i/headshots/nba/players/full/4432190.png,46,8.83,2.46,1.57,0.93,-2.64,-0.49
3914285.0,Drew Eubanks,SAC,F,https://a.espncdn.com/i/headshots/nba/players/full/3914285.png,42,13.19,5.21,3.02,0.45,-2.68,-0.74
3133603.0,Kelly Oubre Jr.,IND,G,https://a.espncdn.com/i/headshots/nba/players/full/3133603.png,50,31.5,14.1,5.04,1.6,-2.71,-1.78
6609.0,Khris Middleton,WAS,F,https://a.espncdn.com/i/headshots/nba/players/full/6609.png,63,22.83,10.16,3.67,2.79,-2.73,-1.3
4065673.0,Tony Bradley,IND,C,https://a.espncdn.com/i/headshots/nba/players/full/4065673.png,40,11.32,4.05,2.9,0.55,-2.75,-0.65
4433629.0,Ryan Nembhard,ATL,G,https://a.espncdn.com/i/headshots/nba/players/full/4433629.png,60,19.5,6.62,2.22,5.27,-2.77,-1.13
2528588.0,Doug McDermott,SAC,F,https://a.espncdn.com/i/headshots/nba/players/full/2528588.png,29,15.14,5.66,1.28,0.76,-2.77,-0.87
5238230.0,Tre Johnson,WAS,G,https://a.espncdn.com/i/headshots/nba/players/full/5238230.png,60,23.97,12.22,2.83,2.03,-2.77,-1.38
4065663.0,Josh Okogie,UTA,G,https://a.espncdn.com/i/headshots/nba/players/full/4065663.png,78,17.44,4.53,2.56,0.88,-2.78,-1.01
4395623.0,Trey Jemison III,NYK,F,https://a.espncdn.com/i/headshots/nba/players/full/4395623.png,12,6.83,1.08,1.42,0.42,-2.78,-0.4
4432174.0,Cam Thomas,BKN,G,https://a.espncdn.com/i/headshots/nba/players/full/4432174.png,42,21.02,13.5,1.69,2.57,-2.79,-1.22
4898238.0,John Poulakidas,DAL,G,,13,19.54,8.85,2.31,0.85,-2.8,-1.14
4898371.0,Maxime Raynaud,SAC,C,https://a.espncdn.com/i/headshots/nba/players/full/4898371.png,74,26.59,12.46,7.51,1.35,-2.83,-1.57
5105592.0,Cam Whitmore,WAS,F,https://a.espncdn.com/i/headshots/nba/players/full/5105592.png,21,16.86,9.19,2.76,0.71,-2.83,-0.99
3468.0,Russell Westbrook,SAC,G,https://a.espncdn.com/i/headshots/nba/players/full/3468.png,64,28.95,15.17,5.44,6.66,-2.86,-1.73
4997526.0,Ousmane Dieng,OKC,F,https://a.espncdn.com/i/headshots/nba/players/full/4997526.png,57,19.37,7.56,3.16,2.39,-2.88,-1.16
4701992.0,Max Shulga,BOS,G,https://a.espncdn.com/i/headshots/nba/players/full/4701992.png,9,4.11,0.78,0.67,0.22,-2.91,-0.25
4431752.0,Kobe Brown,LAC,G,https://a.espncdn.com/i/headshots/nba/players/full/4431752.png,60,16.03,5.88,3.08,1.33,-2.91,-0.97
4683750.0,Jordan Hawkins,NOP,G,https://a.espncdn.com/i/headshots/nba/players/full/4683750.png,51,13.51,5.06,1.73,0.82,-2.95,-0.83
4433569.0,Johni Broome,PHI,F,https://a.espncdn.com/i/headshots/nba/players/full/4433569.png,11,5.0,0.91,1.45,0.36,-2.97,-0.31
5104155.0,Bilal Coulibaly,WAS,G,https://a.espncdn.com/i/headshots/nba/players/full/5104155.png,56,26.23,11.73,4.34,2.59,-2.97,-1.62
4683736.0,Kobe Bufkin,LAL,G,https://a.espncdn.com/i/headshots/nba/players/full/4683736.png,16,7.44,2.88,0.81,0.62,-2.98,-0.46
2779.0,Chris Paul,LAC,G,https://a.espncdn.com/i/headshots/nba/players/full/2779.png,16,14.25,2.94,1.75,3.31,-2.99,-0.89
4397179.0,Tyrese Martin,BKN,G,https://a.espncdn.com/i/headshots/nba/players/full/4397179.png,46,16.85,6.3,2.52,1.7,-3.03,-1.06
4684806.0,Taylor Hendricks,UTA,F,https://a.espncdn.com/i/headshots/nba/players/full/4684806.png,59,19.03,7.42,3.75,0.93,-3.03,-1.2
4896372.0,Walter Clayton Jr.,UTA,G,https://a.espncdn.com/i/headshots/nba/players/full/4896372.png,69,20.45,7.8,2.01,4.04,-3.05,-1.3
4277922.0,Jericho Sims,MIL,C,https://a.espncdn.com/i/headshots/nba/players/full/4277922.png,66,19.98,5.06,5.61,1.58,-3.06,-1.27
4066796.0,DeJon Jarreau,MEM,G,https://a.espncdn.com/i/headshots/nba/players/full/4066796.png,11,20.91,8.0,4.64,3.27,-3.06,-1.33
4279318.0,Daeqwon Plowden,SAC,G,https://a.espncdn.com/i/headshots/nba/players/full/4279318.png,32,26.34,10.75,3.03,1.28,-3.09,-1.7
4432819.0,Tre Mann,CHA,G,https://a.espncdn.com/i/headshots/nba/players/full/4432819.png,53,12.64,5.49,1.74,1.62,-3.09,-0.81
4898237.0,Bez Mbeng,UTA,G,,15,32.87,8.13,3.8,4.13,-3.1,-2.12
4697268.0,Kam Jones,IND,G,https://a.espncdn.com/i/headshots/nba/players/full/4697268.png,37,16.65,4.38,1.62,3.22,-3.13,-1.09
4397077.0,Jaxson Hayes,UTA,C,https://a.espncdn.com/i/headshots/nba/players/full/4397077.png,66,18.32,7.53,4.11,0.89,-3.17,-1.21
4397018.0,Ochai Agbaji,TOR,G,https://a.espncdn.com/i/headshots/nba/players/full/4397018.png,62,15.74,5.06,2.27,0.76,-3.21,-1.05
2999547.0,Gary Harris,DET,G,https://a.espncdn.com/i/headshots/nba/players/full/2999547.png,48,13.83,2.67,1.27,1.06,-3.21,-0.93
4712896.0,Noah Clowney,BKN,F,https://a.espncdn.com/i/headshots/nba/players/full/4712896.png,66,27.0,12.26,4.14,1.64,-3.23,-1.82
4684208.0,Brooks Barnhizer,OKC,F,https://a.espncdn.com/i/headshots/nba/players/full/4684208.png,40,8.72,1.7,1.95,0.55,-3.25,-0.59
2990992.0,Marcus Smart,HOU,G,https://a.espncdn.com/i/headshots/nba/players/full/2990992.png,62,28.53,9.34,2.77,2.98,-3.25,-1.93
4433144.0,Caleb Love,POR,G,https://a.espncdn.com/i/headshots/nba/players/full/4433144.png,49,20.71,10.39,2.33,2.51,-3.26,-1.41
4576086.0,Bryce McGowens,NOP,G,https://a.espncdn.com/i/headshots/nba/players/full/4576086.png,42,20.98,8.1,2.1,1.48,-3.27,-1.43
4433076.0,Ben Sheppard,IND,G,https://a.espncdn.com/i/headshots/nba/players/full/4433076.png,65,21.4,7.06,3.0,1.75,-3.28,-1.46
3012.0,Kyle Lowry,PHI,G,https://a.espncdn.com/i/headshots/nba/players/full/3012.png,14,8.36,1.21,0.64,0.79,-3.29,-0.57
4433137.0,Ziaire Williams,LAL,F,https://a.espncdn.com/i/headshots/nba/players/full/4433137.png,56,22.86,10.23,2.39,1.07,-3.29,-1.57
4683766.0,Isaiah Collier,UTA,G,https://a.espncdn.com/i/headshots/nba/players/full/4683766.png,59,25.73,11.66,2.54,7.17,-3.3,-1.77
4431714.0,Jalen Wilson,BKN,F,https://a.espncdn.com/i/headshots/nba/players/full/4431714.png,54,15.94,6.35,2.11,0.93,-3.31,-1.1
4277813.0,Herbert Jones,NOP,F,https://a.espncdn.com/i/headshots/nba/players/full/4277813.png,56,28.38,8.86,3.39,2.77,-3.32,-1.96
5081727.0,Sidy Cissoko,POR,G,https://a.espncdn.com/i/headshots/nba/players/full/5081727.png,75,19.12,5.11,2.21,1.47,-3.33,-1.33
4873138.0,Ace Bailey,UTA,G,https://a.espncdn.com/i/headshots/nba/players/full/4873138.png,72,27.56,13.79,4.19,1.82,-3.33,-1.91
3135046.0,Tyus Jones,ORL,G,https://a.espncdn.com/i/headshots/nba/players/full/3135046.png,67,14.64,2.97,1.13,2.37,-3.33,-1.02
3907823.0,Terance Mann,BKN,G,https://a.espncdn.com/i/headshots/nba/players/full/3907823.png,63,24.3,7.22,3.17,3.02,-3.34,-1.69
3138160.0,Caleb Martin,DAL,F,https://a.espncdn.com/i/headshots/nba/players/full/3138160.png,58,14.83,3.91,2.47,1.4,-3.38,-1.04
5144126.0,Will Riley,WAS,G,https://a.espncdn.com/i/headshots/nba/players/full/5144126.png,74,22.04,10.32,2.86,1.97,-3.48,-1.6
3037789.0,Bogdan Bogdanovic,HOU,G,https://a.espncdn.com/i/headshots/nba/players/full/3037789.png,23,19.7,7.43,2.57,2.22,-3.51,-1.44
4897262.0,Will Richard,GSW,G,https://a.espncdn.com/i/headshots/nba/players/full/4897262.png,69,19.96,6.39,2.49,1.35,-3.57,-1.48
3059409.0,Nigel Hayes-Davis,PHX,F,https://a.espncdn.com/i/headshots/nba/players/full/3059409.png,27,7.19,1.26,1.22,0.26,-3.58,-0.54
5106060.0,Jarace Walker,IND,F,https://a.espncdn.com/i/headshots/nba/players/full/5106060.png,76,25.74,11.63,5.14,2.53,-3.59,-1.92
6589.0,Draymond Green,GSW,F,https://a.espncdn.com/i/headshots/nba/players/full/6589.png,68,27.5,8.38,5.51,5.53,-3.64,-2.09
2581184.0,Anthony Gill,WAS,F,https://a.espncdn.com/i/headshots/nba/players/full/2581184.png,54,17.65,5.94,2.93,1.28,-3.66,-1.35
5144091.0,Jeremiah Fears,NOP,G,https://a.espncdn.com/i/headshots/nba/players/full/5144091.png,82,25.73,14.26,3.66,3.4,-3.72,-1.99
4702785.0,Jahmyl Telfort,LAC,F,https://a.espncdn.com/i/headshots/nba/players/full/4702785.png,8,4.25,0.12,0.38,0.12,-3.77,-0.33
5061568.0,Carter Bryant,SAS,F,https://a.espncdn.com/i/headshots/nba/players/full/5061568.png,71,11.51,4.2,2.51,0.66,-3.81,-0.91
5217746.0,Yang Hansen,POR,C,https://a.espncdn.com/i/headshots/nba/players/full/5217746.png,43,7.0,2.21,1.53,0.51,-3.81,-0.56
4684275.0,Rob Dillingham,MIN,G,https://a.espncdn.com/i/headshots/nba/players/full/4684275.png,65,14.91,6.29,2.02,2.2,-3.82,-1.19
4895758.0,Cody Williams,UTA,F,https://a.espncdn.com/i/headshots/nba/players/full/4895758.png,67,24.31,8.78,2.96,2.04,-3.84,-1.95
5242502.0,Ben Saraf,BKN,G,https://a.espncdn.com/i/headshots/nba/players/full/5242502.png,44,20.82,7.55,2.09,3.3,-3.86,-1.67
4277956.0,Jordan Poole,NOP,G,https://a.espncdn.com/i/headshots/nba/players/full/4277956.png,39,23.97,13.44,1.97,3.05,-3.89,-1.94
2578185.0,Dorian Finney-Smith,CHA,F,https://a.espncdn.com/i/headshots/nba/players/full/2578185.png,37,16.73,3.32,2.51,0.97,-3.91,-1.36
4597259.0,Javonte Cooke,POR,G,,18,5.22,1.28,1.06,0.39,-3.96,-0.43
5279130.0,Nolan Traore,BKN,G,https://a.espncdn.com/i/headshots/nba/players/full/5279130.png,56,22.25,8.91,1.77,3.8,-3.99,-1.85
4683934.0,Jahmai Mashack,MEM,G,https://a.espncdn.com/i/headshots/nba/players/full/4683934.png,30,22.33,6.4,2.7,2.3,-4.28,-1.99
6427.0,Bismack Biyombo,SAS,C,https://a.espncdn.com/i/headshots/nba/players/full/6427.png,25,5.76,0.92,1.04,0.2,-4.43,-0.53
4398390.0,Jalen Pickett,DEN,G,https://a.espncdn.com/i/headshots/nba/players/full/4398390.png,50,16.12,5.2,2.28,2.3,-4.46,-1.5
4431914.0,Tyler Burton,MEM,F,,12,25.5,10.75,4.17,1.0,-4.48,-2.38
5099752.0,Rayan Rupert,POR,G,https://a.espncdn.com/i/headshots/nba/players/full/5099752.png,64,16.75,5.19,2.94,1.06,-4.56,-1.59
4845374.0,Bub Carrington,WAS,G,https://a.espncdn.com/i/headshots/nba/players/full/4845374.png,82,27.71,10.71,3.37,4.65,-4.69,-2.71
4432822.0,Isaac Okoro,CHI,F,https://a.espncdn.com/i/headshots/nba/players/full/4432822.png,63,26.94,9.27,2.75,1.59,-4.73,-2.65
4592427.0,Spencer Jones,DEN,F,https://a.espncdn.com/i/headshots/nba/players/full/4592427.png,63,22.51,5.59,3.32,0.81,-4.88,-2.29
4277843.0,Gary Trent Jr.,MIL,G,https://a.espncdn.com/i/headshots/nba/players/full/4277843.png,65,21.18,8.14,1.03,1.22,-5.03,-2.22
4278077.0,Jarred Vanderbilt,LAL,F,https://a.espncdn.com/i/headshots/nba/players/full/4278077.png,65,17.35,4.43,4.49,1.29,-5.07,-1.83
4896365.0,Adama Bal,MEM,G,,8,30.12,10.38,3.12,2.38,-5.26,-3.3
4431687.0,Patrick Williams,CHI,F,https://a.espncdn.com/i/headshots/nba/players/full/4431687.png,72,20.5,7.01,2.99,1.46,-5.31,-2.27
3137259.0,Gabe Vincent,LAL,G,https://a.espncdn.com/i/headshots/nba/players/full/3137259.png,53,16.55,4.36,1.02,1.43,-5.37,-1.85
4017844.0,Guerschon Yabusele,NYK,F,https://a.espncdn.com/i/headshots/nba/players/full/4017844.png,67,14.99,5.57,3.49,0.94,-5.54,-1.73
5037873.0,Drake Powell,BKN,G,https://a.espncdn.com/i/headshots/nba/players/full/5037873.png,63,20.94,6.48,1.76,1.44,-5.77,-2.52
90000.0,AJ Dybantsa,WAS,,,0,28.0,0.0,0.0,0.0,-1.0,-0.58
90001.0,Darryn Peterson,UTA,,,0,28.0,0.0,0.0,0.0,-1.0,-0.58
90002.0,Cameron Boozer,MEM,,,0,26.0,0.0,0.0,0.0,-0.5,-0.27
90003.0,Caleb Wilson,CHI,,,0,20.0,0.0,0.0,0.0,-2.0,-0.83
90004.0,Mikel Brown Jr.,BKN,,,0,22.0,0.0,0.0,0.0,-2.0,-0.92
90005.0,Darius Acuff Jr.,SAC,,,0,20.0,0.0,0.0,0.0,-2.0,-0.83
